method,bpe_mean,bpe_std,acc_mae_mean,rank_rho,cgg_mean,rce_mean,osi_abs,beh_order_err,commutator_rho,ire_pair,ire_triple,oracle_bpe_mean
M5_shift_algebra,0.9619638323783875,0.4380103051662445,0.11623291671276093,0.5364304812834225,0.961811363697052,34.90198516845703,1.0715041959285736,0.7564902305603027,0.09999999999999999,1.8443730622529984,0.09496341622289037,0.028144556283950805
M6_no_order,0.5356179475784302,0.0365244597196579,0.0775764212012291,0.6470490698592972,0.5354331731796265,19.342166900634766,2.031950478553772,1.3297542333602905,,0.7378568015992641,0.06384662399650551,0.028144556283950805
M8_recon_only,2.2270569801330566,6.671461505902698e-06,0.26532959938049316,0.11139159858487586,1.8583984375,-5.457950592041016,2.031950478553772,1.3297542333602905,,1.7670283418148756,2.445763821527362,0.028144556283950805
M0_no_composition,0.3805806040763855,0.10009410977363586,0.07624199241399765,0.8209330576251032,0.38024094700813293,14.074516296386719,2.031950478553772,1.3297542333602905,,0.5803760930895805,0.21010562516748904,0.028144556283950805
M1_additive,1.8284285068511963,0.691281795501709,0.34213826060295105,0.7079084655773293,1.8282703161239624,66.28827667236328,2.031950478553772,1.3297542333602905,,3.3131860001478346,0.06968708934728056,0.028144556283950805
M2_mlp,0.4811728894710541,0.04027426987886429,0.1503862589597702,0.7931149732620322,0.48101338744163513,17.230867385864258,1.53335799574852,0.8732502460479736,-0.6,0.8518457055091858,0.10090636410750449,0.028144556283950805
M3_attention,0.23586240410804749,0.08545941859483719,0.07959525287151337,0.8813502673796793,0.23558004200458527,8.389605522155762,1.1553219240903854,1.0734336376190186,0.7999999999999999,0.4602122321724892,0.15433019789634272,0.028144556283950805
MEMO_control,2.2400779724121094,0.006328697316348553,0.26537349820137024,,2.240074634552002,80.32128143310547,2.031950478553772,1.3297542333602905,,2.417078581638634,0.8034602937987074,0.028144556283950805
PERM_control,3.0634827613830566,1.7176884412765503,0.2772805690765381,0.13135026737967917,2.709681272506714,-8.047589302062988,1.1132406581938268,1.267743706703186,0.7,4.3756078541278836,8.928995159268379,0.028144556283950805
